Total human exposures,Age:< 12 months,Age:1 year,Age:2 years,Age:3 years,Age:4 years,Age:5 years,Age:6-12 years,Age:13-19 years,Unintentional,ReasonUn:General,ReasonUn:Environmental,ReasonUn:Occupational,ReasonUn:Therapeutic Error,ReasonUn:Misuse,Intentional,ReasonInt:Suspected Suicide,ReasonInt:Misuse,ReasonInt:Abuse,ReasonInt:Unknown,Other,ReasonOther:Malicious,ReasonOther:Adverse Reaction/Drug,ReasonOther:Adverse Reaction/Other,Animal Exposures,Information Calls,MS:On site/non Healthcare Facility,MS:Healthcare Facility,MS:Refused Referral,MO:No Effect,MO:Minor Effect,MO:Moderate Effect,MO:Major Effect,MO:Death,MO:Other/Unknown,Year,County,ReasonUn:Other/Unknown,ReasonOther:Withdrawal,ReasonOther:Adverse Reaction/Food,Age:>20 years,ReasonUn:Botulism,ReasonUn:Bite/Sting,ReasonOther:Contamination/ Tampering,Age: Unknown All,ReasonUn: Unknown All,ReasonOther: Unknown All,MS: Unknown All
540,17,82,106,31,15,12,33,54,429,309,7,3,63,38,101,71,15,11,4,10,0,4,2,20,645,379,146,5,177,317,25,5,0,16,2006,"Allegany County, MD",NA,NA,NA,374,3,6,0,3,0,4,10
557,30,84,83,34,15,9,40,33,434,303,2,3,81,35,104,73,5,20,6,18,3,12,1,28,603,385,149,7,193,320,19,8,1,16,2007,"Allegany County, MD",NA,NA,NA,458,4,6,0,0,0,2,16
584,28,81,91,54,10,17,35,44,460,297,4,7,93,49,105,83,10,10,2,18,4,9,4,33,556,416,149,7,187,353,22,3,1,16,2008,"Allegany County, MD",NA,NA,NA,446,1,9,0,1,0,1,12
599,25,98,76,29,21,12,43,37,457,272,3,10,112,50,125,86,16,18,5,17,0,6,7,29,529,405,173,5,186,339,43,6,0,25,2009,"Allegany County, MD",NA,NA,NA,516,2,8,0,0,0,4,16
601,32,83,90,42,16,14,37,38,469,280,4,9,109,56,112,75,16,13,8,20,1,11,4,25,483,412,175,4,171,359,44,9,0,18,2010,"Allegany County, MD",NA,NA,NA,249,6,3,1,0,2,3,10
640,31,80,90,47,28,9,34,36,473,288,4,9,109,52,142,95,15,23,9,25,3,10,6,26,430,422,180,8,190,381,43,1,1,24,2011,"Allegany County, MD",NA,NA,NA,284,4,7,0,1,0,6,30
681,20,76,105,28,17,17,49,40,490,283,7,3,115,64,156,91,25,33,7,35,2,23,2,17,461,405,218,11,223,371,44,11,2,30,2012,"Allegany County, MD",NA,NA,NA,320,4,14,1,9,0,7,47
638,28,70,71,32,28,9,40,46,465,256,6,3,122,66,160,117,15,21,7,13,0,11,1,29,396,365,231,6,196,361,45,2,0,34,2013,"Allegany County, MD",NA,NA,NA,313,5,7,0,1,0,1,36
539,19,54,85,27,9,9,26,47,396,219,4,13,106,46,122,72,26,18,6,21,0,17,1,20,321,311,185,7,140,336,36,4,1,22,2014,"Allegany County, MD",NA,NA,NA,261,5,3,0,2,0,3,36
522,21,72,90,27,16,12,28,28,408,251,5,9,98,40,102,67,12,16,7,12,1,6,2,23,273,319,160,7,151,298,45,10,0,18,2015,"Allegany County, MD",NA,NA,NA,222,1,4,0,6,0,3,36
644,26,80,66,37,17,10,30,40,414,231,6,6,112,49,201,83,20,94,4,29,4,12,4,21,215,354,257,7,148,351,63,53,5,24,2016,"Allegany County, MD",NA,NA,NA,331,5,5,4,7,0,5,26
605,20,68,58,30,7,16,25,56,364,206,6,4,91,44,211,100,16,90,5,30,1,16,5,21,206,301,277,7,140,319,61,47,3,35,2017,"Allegany County, MD",NA,NA,NA,322,2,11,4,3,0,4,20
529,14,51,31,37,13,3,24,65,304,154,4,5,86,52,189,110,17,60,2,36,3,12,4,24,159,266,238,8,104,305,58,24,3,35,2018,"Allegany County, MD",NA,NA,NA,282,1,2,7,9,0,10,17
4371,218,711,779,346,154,81,286,334,3493,2571,17,69,502,258,763,556,88,89,30,112,14,63,23,244,3260,3098,1185,46,1390,2550,227,23,5,170,2006,"Anne Arundel County, MD",NA,NA,NA,2906,16,58,1,9,2,11,42
4651,260,773,734,333,163,118,308,388,3658,2603,43,62,539,323,880,627,106,122,25,112,13,53,18,331,2706,3275,1277,52,1494,2695,278,23,2,154,2007,"Anne Arundel County, MD",NA,NA,NA,3138,34,51,10,5,3,18,47
4722,262,807,734,338,152,96,338,339,3676,2465,60,57,573,431,898,620,129,118,31,145,8,73,24,318,2633,3373,1249,46,1549,2687,260,32,4,188,2008,"Anne Arundel County, MD",NA,NA,NA,3298,30,56,14,7,4,26,54
4966,248,843,832,321,151,99,344,320,3900,2509,79,71,670,477,910,605,146,118,41,156,9,76,22,319,2320,3561,1289,37,1525,3007,249,20,2,163,2009,"Anne Arundel County, MD",NA,NA,NA,3566,25,67,28,25,2,21,79
4494,240,717,701,299,151,107,297,284,3482,2180,53,42,663,444,870,571,130,125,44,142,13,66,27,278,2143,3216,1175,57,1432,2600,261,24,3,174,2010,"Anne Arundel County, MD",NA,NA,NA,1692,48,45,10,6,7,26,46
4271,211,675,635,297,143,94,303,307,3304,2008,84,48,630,449,824,528,115,143,38,143,10,68,27,222,2139,3015,1109,46,1451,2406,244,26,2,142,2011,"Anne Arundel County, MD",NA,NA,NA,1604,43,39,15,2,3,23,101
4072,176,599,552,280,150,89,320,353,3123,1886,56,39,597,464,811,551,109,113,38,138,4,68,33,187,1915,2737,1147,57,1300,2325,270,20,0,157,2012,"Anne Arundel County, MD",NA,NA,NA,1546,30,50,9,7,1,24,131
3830,192,543,514,271,125,81,322,338,2910,1750,51,51,621,345,775,521,101,123,30,145,11,70,18,176,1545,2557,1131,45,1204,2207,263,16,2,138,2013,"Anne Arundel County, MD",NA,NA,NA,1440,31,60,25,4,1,21,97
3598,181,487,463,201,123,69,282,364,2679,1533,102,46,553,357,815,547,110,127,31,104,8,45,17,164,1322,2281,1161,41,1024,2156,252,27,3,136,2014,"Anne Arundel County, MD",NA,NA,NA,1402,41,47,16,26,0,18,115
3455,182,456,449,196,100,79,309,349,2517,1471,57,29,556,312,794,520,124,109,41,144,12,64,28,149,972,2187,1079,42,945,2076,257,23,9,145,2015,"Anne Arundel County, MD",NA,NA,NA,1310,43,49,22,25,0,18,147
3509,174,466,415,215,92,80,283,341,2534,1470,90,43,512,351,850,530,117,179,24,125,9,71,20,133,795,2193,1135,46,899,2103,278,83,5,141,2016,"Anne Arundel County, MD",1,NA,NA,1382,40,27,4,61,1,21,135
3497,159,449,403,183,82,69,274,332,2422,1338,67,49,521,373,916,537,122,221,36,159,23,74,30,144,634,2071,1241,39,864,2077,295,98,11,152,2017,"Anne Arundel County, MD",2,NA,NA,1503,35,37,9,43,2,23,146
3159,145,379,349,178,95,49,283,332,2217,1215,45,45,503,343,819,508,99,191,21,123,12,43,26,126,536,1793,1170,39,679,1994,267,92,6,121,2018,"Anne Arundel County, MD",4,NA,NA,1326,22,40,19,23,4,23,157
5053,240,827,738,255,151,66,260,377,3673,2641,39,85,455,349,1203,892,150,135,26,174,19,103,17,182,6860,3058,1888,71,1482,2925,347,42,5,245,2006,"Baltimore City, MD",NA,NA,NA,4114,47,53,5,82,4,30,35
5541,281,870,739,333,137,99,292,411,3985,2750,111,91,529,385,1335,1001,166,117,51,217,24,113,25,220,6886,3401,2023,71,1755,3063,375,54,9,279,2007,"Baltimore City, MD",NA,NA,NA,4716,59,52,10,20,8,45,45
5520,232,850,774,300,162,90,308,390,3885,2496,70,67,603,511,1375,1005,183,140,47,258,45,116,23,263,6483,3412,1983,74,1664,3111,390,51,12,287,2008,"Baltimore City, MD",NA,NA,NA,4788,65,68,16,20,5,58,51
5536,253,882,784,306,160,100,268,389,3889,2490,115,73,563,514,1390,1003,185,143,59,257,22,117,31,219,6659,3349,2078,54,1616,3186,400,55,9,270,2009,"Baltimore City, MD",NA,NA,NA,4758,63,60,20,15,11,67,55
5637,228,753,693,303,181,107,281,394,3737,2270,81,90,606,575,1550,1081,199,180,90,350,33,162,43,219,7345,3206,2324,59,1595,3198,488,56,12,288,2010,"Baltimore City, MD",NA,NA,NA,2688,49,53,23,9,13,89,48
5963,244,747,659,328,184,83,300,442,3832,2256,148,85,657,549,1756,1161,221,273,101,375,39,161,44,181,9351,3178,2598,77,1717,3250,565,72,18,341,2011,"Baltimore City, MD",NA,NA,NA,2951,67,60,25,25,10,106,110
5827,214,668,642,285,175,105,297,476,3639,2120,104,68,609,607,1754,1112,225,316,101,434,53,207,50,173,11306,2948,2665,73,1503,3243,628,72,14,367,2012,"Baltimore City, MD",NA,NA,NA,2955,61,64,16,10,6,108,141
5539,238,716,541,285,148,91,314,437,3491,2099,110,71,603,495,1673,1119,216,273,65,375,36,192,29,112,10313,2827,2514,66,1411,3123,586,53,13,353,2013,"Baltimore City, MD",NA,NA,NA,2760,58,49,34,9,6,84,132
5130,195,635,486,212,110,73,289,393,3221,1787,234,86,569,465,1567,1029,192,247,99,342,34,139,34,113,6964,2479,2467,58,1235,2935,578,69,10,303,2014,"Baltimore City, MD",NA,NA,NA,2563,37,40,30,174,3,105,126
5078,198,556,456,191,135,67,245,430,2855,1638,120,81,464,451,1836,1082,211,458,85,387,40,180,37,108,4272,2206,2709,71,1144,2757,700,93,8,376,2015,"Baltimore City, MD",NA,NA,NA,2735,55,37,24,65,9,106,92
5126,191,594,429,236,130,87,244,469,3018,1659,122,69,592,486,1743,1068,221,385,69,365,49,164,37,81,3702,2329,2626,77,1069,2865,655,171,16,350,2016,"Baltimore City, MD",NA,NA,NA,2680,52,32,18,66,6,97,94
5052,175,553,413,221,90,83,275,462,2887,1525,125,61,561,539,1804,1073,199,457,75,361,38,158,40,95,2873,2191,2652,108,1002,2793,692,161,22,382,2017,"Baltimore City, MD",NA,NA,NA,2710,38,34,14,70,4,121,101
4493,175,463,346,186,82,72,267,452,2526,1332,102,59,534,426,1642,974,189,417,62,325,29,159,33,81,1798,1840,2428,110,844,2509,607,187,16,330,2018,"Baltimore City, MD",NA,NA,NA,2404,36,23,25,65,14,79,115
5701,313,973,962,410,197,109,408,450,4767,3417,55,72,710,389,790,570,99,101,20,143,40,61,24,337,7363,4317,1210,74,1920,3330,207,23,4,206,2006,"Baltimore County, MD",NA,NA,NA,3568,35,81,2,95,8,16,100
6376,315,1038,1063,461,224,138,420,509,5206,3604,86,78,795,484,998,718,142,109,29,171,15,92,34,415,6739,4779,1450,69,2100,3729,266,26,6,241,2007,"Baltimore County, MD",NA,NA,NA,4404,76,78,9,6,5,21,78
6634,365,1076,1086,478,254,120,489,456,5376,3505,77,82,874,681,1028,707,183,102,36,229,25,124,34,462,6516,5033,1429,75,2184,3920,258,23,6,236,2008,"Baltimore County, MD",NA,NA,NA,4602,67,86,16,9,3,30,97
6847,360,1113,1071,498,232,163,484,476,5603,3503,123,99,955,742,1003,671,183,116,33,241,19,133,41,456,6125,5231,1424,81,2304,3980,277,25,2,259,2009,"Baltimore County, MD",NA,NA,NA,4866,81,98,19,17,2,29,111
6630,367,1130,968,440,233,128,437,477,5341,3295,134,81,911,763,998,632,177,130,59,291,36,137,55,396,5682,5079,1371,83,2160,3912,268,23,8,259,2010,"Baltimore County, MD",NA,NA,NA,2442,80,74,24,8,3,39,97
6513,339,1025,926,414,210,121,413,460,5159,3035,133,93,971,760,1078,707,170,137,64,276,23,145,46,338,5579,4744,1486,80,2150,3711,296,31,3,322,2011,"Baltimore County, MD",NA,NA,NA,2587,67,96,24,18,4,38,203
6514,313,953,829,404,196,106,449,540,4989,2897,85,94,992,758,1226,736,202,227,61,299,20,150,62,326,5486,4504,1683,77,2041,3802,360,36,4,271,2012,"Baltimore County, MD",NA,NA,NA,2696,86,75,20,28,2,47,250
6326,321,939,834,380,201,134,441,524,4888,2895,117,74,962,708,1150,733,189,187,41,288,27,139,40,246,4607,4408,1575,77,1983,3697,339,30,4,273,2013,"Baltimore County, MD",NA,NA,NA,2542,62,68,32,10,2,50,266
5555,255,796,693,365,186,103,417,435,4288,2462,117,78,910,617,1011,682,153,136,40,256,25,120,55,215,3262,3805,1448,67,1705,3319,284,22,0,225,2014,"Baltimore County, MD",NA,NA,NA,2235,59,44,28,70,1,28,235
5377,236,687,612,279,157,104,425,460,4027,2171,126,67,924,623,1071,673,183,161,54,279,21,145,51,198,2332,3460,1628,63,1516,3222,329,42,3,265,2015,"Baltimore County, MD",NA,NA,NA,2354,61,51,27,63,4,35,226
5698,239,768,675,298,183,119,405,419,4295,2314,122,76,954,710,1136,708,205,179,44,267,18,143,39,212,2221,3908,1551,71,1553,3449,369,63,7,257,2016,"Baltimore County, MD",NA,NA,NA,2500,75,37,15,92,7,52,168
5605,265,732,682,255,166,108,403,459,4111,2231,92,74,913,701,1243,717,179,301,46,251,16,140,31,210,1943,3669,1661,92,1443,3391,384,118,10,269,2017,"Baltimore County, MD",NA,NA,NA,2473,44,54,23,62,2,41,183
4942,197,553,543,246,147,90,398,441,3582,1808,94,90,874,628,1135,653,170,279,33,225,15,126,27,181,1381,3098,1560,73,1075,3147,372,118,18,212,2018,"Baltimore County, MD",NA,NA,NA,2263,56,29,18,64,3,39,211
726,46,139,141,68,29,23,45,55,642,454,1,9,101,49,69,51,12,6,NA,14,NA,7,3,24,490,590,122,13,247,424,29,1,0,25,2006,"Calvert County, MD",NA,NA,NA,358,6,22,4,1,0,0,1
751,47,140,140,59,31,13,55,50,649,462,9,11,106,45,83,55,17,10,1,19,2,9,2,32,536,606,132,10,251,450,23,1,1,25,2007,"Calvert County, MD",NA,NA,NA,430,4,12,3,1,0,3,3
762,35,83,157,72,22,16,50,62,625,402,3,9,118,66,110,74,22,10,4,27,3,12,6,43,586,589,160,9,234,479,26,2,0,20,2008,"Calvert County, MD",NA,NA,NA,530,2,24,2,0,1,4,4
774,39,130,148,51,13,17,60,62,648,404,1,11,126,74,106,72,18,13,3,20,0,14,2,39,685,596,168,5,257,455,26,8,1,27,2009,"Calvert County, MD",NA,NA,NA,508,6,26,2,0,0,2,5
669,21,106,110,55,23,18,55,38,553,334,10,9,108,62,85,54,14,15,2,31,2,18,4,40,622,517,131,14,201,406,25,5,1,31,2010,"Calvert County, MD",NA,NA,NA,239,6,23,2,4,1,5,7
624,32,79,97,51,30,16,44,64,516,299,4,11,116,66,94,56,16,16,6,14,1,10,0,23,506,454,147,7,220,351,29,1,1,22,2011,"Calvert County, MD",NA,NA,NA,204,2,16,1,7,2,2,16
622,27,109,84,48,26,17,49,59,518,309,7,12,97,65,80,49,12,15,4,24,3,14,2,20,308,458,124,13,205,363,31,5,0,18,2012,"Calvert County, MD",NA,NA,NA,202,13,15,2,1,0,3,27
586,31,81,104,34,24,7,45,47,474,288,3,8,84,55,93,53,21,17,2,19,0,9,5,16,293,410,156,4,171,359,40,2,0,14,2013,"Calvert County, MD",NA,NA,NA,213,6,30,2,0,0,3,16
531,22,84,91,42,13,7,35,39,421,253,5,8,78,59,86,55,19,11,1,24,1,13,3,20,145,357,151,3,166,305,33,4,0,23,2014,"Calvert County, MD",NA,NA,NA,188,4,14,1,10,0,6,20
504,19,70,84,35,28,10,36,39,403,232,1,4,91,44,87,59,13,10,5,14,1,8,2,19,112,345,145,5,142,303,36,4,1,18,2015,"Calvert County, MD",NA,NA,NA,180,8,23,2,3,0,1,9
519,26,69,71,36,20,11,33,39,394,221,4,4,92,46,104,62,19,21,2,21,1,11,4,16,88,346,160,9,125,321,41,5,0,27,2016,"Calvert County, MD",NA,NA,NA,208,9,17,2,6,1,3,4
481,17,60,68,35,16,13,38,43,374,208,3,7,70,53,96,68,16,11,1,11,1,8,0,24,79,286,170,11,122,299,26,4,1,29,2017,"Calvert County, MD",NA,NA,NA,189,5,28,0,2,0,2,14
502,24,70,72,30,14,13,44,45,389,229,8,7,79,49,97,58,11,28,NA,16,0,10,1,32,65,316,169,6,106,313,35,7,2,39,2018,"Calvert County, MD",NA,NA,NA,185,1,16,1,3,0,4,11
243,9,47,52,29,9,5,18,13,229,171,1,2,30,17,8,5,2,1,NA,6,NA,1,4,15,151,224,13,4,83,150,4,0,0,6,2006,"Caroline County, MD",NA,NA,NA,110,1,7,0,6,0,1,2
303,28,68,56,19,14,7,28,20,282,208,1,6,43,20,18,9,6,2,1,3,NA,3,NA,13,179,272,27,2,112,177,3,0,0,11,2007,"Caroline County, MD",NA,NA,NA,126,0,4,0,0,0,0,2
282,16,65,62,28,9,6,19,19,269,192,3,5,41,24,9,5,2,2,NA,4,1,3,NA,23,149,264,12,2,107,164,3,0,0,8,2008,"Caroline County, MD",NA,NA,NA,116,1,3,0,0,0,0,4
315,17,85,67,24,14,7,19,12,296,209,2,3,45,31,14,9,1,4,NA,5,0,3,2,15,160,283,23,4,114,189,4,0,0,8,2009,"Caroline County, MD",NA,NA,NA,140,2,4,0,0,0,0,5
296,11,62,58,27,14,8,16,11,268,175,2,3,57,25,19,9,7,1,2,9,1,7,0,13,143,267,22,3,85,198,8,0,0,5,2010,"Caroline County, MD",NA,NA,NA,87,4,2,1,2,0,0,4
255,17,54,42,22,16,4,14,24,233,150,0,1,41,37,11,5,3,1,2,11,0,7,1,7,104,217,19,4,92,154,1,0,0,8,2011,"Caroline County, MD",NA,NA,NA,61,1,2,2,1,1,1,15
209,13,37,31,16,13,3,19,9,191,128,2,2,39,15,12,4,5,2,1,6,0,4,0,18,80,170,22,2,77,125,3,0,0,4,2012,"Caroline County, MD",NA,NA,NA,67,3,2,1,1,0,1,15
228,14,36,37,22,11,13,14,17,209,132,5,4,47,17,14,10,2,2,0,5,0,3,0,20,58,191,18,3,73,138,6,1,0,10,2013,"Caroline County, MD",NA,NA,NA,64,0,4,1,0,0,1,16
210,12,39,50,17,7,7,11,10,189,136,0,2,30,21,14,9,3,2,0,7,1,3,3,14,58,172,19,2,72,127,5,0,0,6,2014,"Caroline County, MD",NA,NA,NA,57,0,0,0,0,0,0,17
210,12,40,35,12,9,5,17,9,186,119,5,2,39,17,18,7,9,2,0,6,0,5,1,10,62,179,13,3,61,138,1,0,0,10,2015,"Caroline County, MD",NA,NA,NA,69,1,3,0,2,0,0,15
207,15,33,42,19,6,4,18,14,188,126,4,2,32,22,16,7,8,1,0,3,1,1,0,9,49,178,15,2,75,124,3,0,0,5,2016,"Caroline County, MD",NA,NA,NA,56,1,1,1,0,0,0,12
203,10,40,41,13,8,4,18,10,185,124,0,4,35,20,10,4,1,5,0,8,1,5,2,15,34,178,12,3,54,138,1,4,0,6,2017,"Caroline County, MD",NA,NA,NA,59,1,1,0,0,0,0,10
199,10,32,40,18,8,6,19,15,179,118,1,2,38,19,15,5,3,6,1,5,0,4,0,9,21,164,16,3,54,131,4,0,0,10,2018,"Caroline County, MD",NA,NA,NA,49,0,1,0,2,0,1,16
1519,83,274,256,134,61,37,98,131,1285,919,10,15,209,99,203,142,32,24,5,31,4,21,5,90,879,1200,276,14,543,873,51,5,4,41,2006,"Carroll County, MD",NA,NA,NA,852,11,22,0,19,0,1,29
1590,80,281,258,135,64,43,121,135,1335,958,28,18,202,93,212,147,25,31,9,41,3,28,3,100,879,1235,323,14,571,894,62,11,5,43,2007,"Carroll County, MD",NA,NA,NA,946,12,23,2,0,1,5,18
1629,79,299,253,128,65,30,132,140,1326,866,31,14,212,163,261,164,44,43,10,42,6,16,8,121,838,1238,365,9,529,970,73,6,1,47,2008,"Carroll County, MD",NA,NA,NA,1000,10,30,4,3,0,8,17
1747,72,283,295,151,76,39,131,120,1431,910,29,16,262,187,256,182,23,41,10,60,3,31,10,95,706,1357,346,19,573,1032,81,10,3,48,2009,"Carroll County, MD",NA,NA,NA,1150,12,13,7,5,2,9,25
1518,65,217,248,119,59,33,88,119,1171,743,22,12,207,152,296,186,49,46,15,51,3,27,11,114,648,1090,393,19,469,893,93,11,0,52,2010,"Carroll County, MD",NA,NA,NA,551,16,19,3,19,0,7,16
1492,64,205,235,97,51,28,128,121,1153,683,26,17,243,148,296,186,32,56,22,43,3,25,3,98,605,1027,404,20,519,818,100,8,1,46,2011,"Carroll County, MD",NA,NA,NA,552,10,24,0,11,2,12,41
1417,56,199,185,90,55,29,88,129,1056,626,14,21,201,162,292,190,30,59,13,69,3,46,8,76,440,955,396,16,411,840,106,7,4,49,2012,"Carroll County, MD",NA,NA,NA,584,20,11,0,2,1,12,50
1466,75,167,201,86,45,24,114,127,1075,617,17,16,216,160,328,216,47,49,16,63,0,36,7,89,393,967,450,15,441,837,108,12,3,65,2013,"Carroll County, MD",NA,NA,NA,626,17,30,5,1,2,15,34
1347,46,184,155,61,47,35,92,136,960,545,13,14,229,134,327,209,56,49,13,60,1,36,12,63,291,827,445,11,402,783,103,11,1,47,2014,"Carroll County, MD",NA,NA,NA,584,13,11,6,7,1,5,64
1395,64,188,174,81,44,22,83,110,1039,590,52,20,218,134,295,190,40,54,11,61,1,26,12,54,275,878,420,12,372,843,102,15,2,61,2015,"Carroll County, MD",NA,NA,NA,586,8,16,11,43,1,11,85
1422,49,185,169,83,39,30,98,130,1032,562,20,22,256,135,330,200,47,73,10,60,1,35,8,52,276,917,427,10,392,816,121,25,1,67,2016,"Carroll County, MD",NA,NA,NA,629,19,16,3,10,2,13,68
1382,61,176,168,74,35,30,79,120,967,539,26,13,218,158,359,215,45,91,8,56,2,36,7,56,243,838,463,26,340,817,116,38,3,68,2017,"Carroll County, MD",NA,NA,NA,625,3,10,4,14,0,7,55
1283,66,152,136,85,28,26,81,105,867,477,16,12,203,138,347,171,42,123,11,69,0,48,8,70,277,768,428,25,258,789,114,34,4,84,2018,"Carroll County, MD",NA,NA,NA,594,10,11,5,10,0,8,62
924,40,130,163,67,35,13,59,88,713,514,6,22,98,55,192,143,23,20,6,19,4,12,2,31,604,591,313,10,279,559,49,1,2,30,2006,"Cecil County, MD",NA,NA,NA,644,6,12,1,7,0,0,10
1021,58,145,182,72,20,22,75,83,794,552,11,34,96,69,205,150,28,22,5,22,3,9,6,41,593,704,299,9,304,634,46,4,1,31,2007,"Cecil County, MD",NA,NA,NA,728,11,11,2,0,0,2,9
1037,52,193,157,59,32,18,70,74,766,531,13,17,91,91,243,169,32,33,9,26,3,14,3,57,519,673,347,8,311,601,74,13,0,37,2008,"Cecil County, MD",NA,NA,NA,760,12,11,1,2,0,5,9
1017,45,127,178,70,39,25,59,98,724,481,6,18,120,84,263,163,45,42,13,30,3,12,5,49,466,624,360,14,290,616,60,9,1,41,2009,"Cecil County, MD",NA,NA,NA,748,7,8,3,2,0,7,19
991,46,152,136,80,28,14,54,59,695,460,7,13,108,86,260,144,38,56,22,36,2,20,3,40,522,627,340,11,255,606,71,13,0,46,2010,"Cecil County, MD",NA,NA,NA,420,6,13,2,2,2,9,13
1039,42,125,123,61,30,16,75,83,685,398,26,11,148,82,313,186,40,61,26,41,4,25,3,38,487,570,431,11,282,594,99,16,1,47,2011,"Cecil County, MD",NA,NA,NA,480,4,16,2,4,0,7,27
918,39,125,102,54,28,18,61,67,630,392,13,11,113,82,249,158,32,48,11,39,3,16,4,23,369,521,361,10,260,526,87,11,0,34,2012,"Cecil County, MD",NA,NA,NA,423,7,10,2,1,2,14,26
830,43,109,104,50,28,13,72,59,598,370,7,10,112,88,211,123,32,43,13,21,4,8,4,25,206,479,320,5,240,467,80,13,0,30,2013,"Cecil County, MD",NA,NA,NA,352,2,9,2,0,0,3,26
829,34,104,113,40,22,17,67,64,574,332,3,20,119,83,225,142,29,42,12,30,3,14,2,20,179,474,323,7,217,481,97,9,0,25,2014,"Cecil County, MD",NA,NA,NA,365,4,12,2,3,1,9,25
770,28,95,82,40,23,15,34,69,483,289,6,11,110,56,254,145,32,60,17,33,1,16,10,30,132,394,356,8,167,456,87,23,1,36,2015,"Cecil County, MD",NA,NA,NA,375,6,4,2,9,1,4,12
719,29,95,87,31,19,21,45,59,483,293,13,10,97,64,197,115,28,46,8,39,5,19,3,25,121,385,302,12,178,409,86,9,0,37,2016,"Cecil County, MD",NA,NA,NA,329,3,2,3,4,1,9,20
748,27,89,92,42,24,13,47,68,486,281,20,12,84,75,239,103,19,109,8,23,4,12,3,29,121,389,343,6,160,410,105,35,3,35,2017,"Cecil County, MD",NA,NA,NA,342,7,6,1,4,1,3,10
791,25,102,84,41,20,3,53,57,480,288,10,14,106,52,293,98,26,162,7,18,1,13,1,26,78,378,384,10,127,444,124,39,0,57,2018,"Cecil County, MD",NA,NA,NA,398,7,3,1,8,0,2,19
892,34,165,163,74,32,20,67,77,749,551,12,9,88,60,132,88,14,25,5,11,3,4,2,45,482,676,200,9,289,532,31,5,1,30,2006,"Charles County, MD",NA,NA,NA,516,6,22,0,2,1,2,7
922,36,195,151,65,28,22,70,71,753,539,3,8,114,61,147,95,27,22,3,22,3,12,4,55,542,673,239,6,285,555,52,3,0,27,2007,"Charles County, MD",NA,NA,NA,568,6,21,0,0,1,3,4
1012,46,183,153,76,34,25,72,82,796,537,8,11,112,98,182,118,31,26,7,34,7,12,5,79,514,718,270,13,335,583,47,4,1,39,2008,"Charles County, MD",NA,NA,NA,682,8,22,3,0,0,7,11
1083,61,178,199,80,30,18,69,109,868,567,11,19,141,108,184,124,24,28,8,31,3,20,4,62,460,788,270,9,350,649,39,6,3,36,2009,"Charles County, MD",NA,NA,NA,668,7,15,2,5,0,2,16
994,43,146,158,66,37,11,90,82,748,461,6,18,132,103,205,144,23,25,13,41,7,13,10,53,366,675,300,10,337,558,53,2,0,44,2010,"Charles County, MD",NA,NA,NA,353,4,24,3,8,0,8,9
950,54,144,121,57,35,22,65,79,713,427,14,10,143,91,202,139,20,28,15,35,5,15,2,34,270,603,323,12,326,515,58,6,3,32,2011,"Charles County, MD",NA,NA,NA,367,3,25,5,6,0,8,12
955,37,160,133,68,27,17,52,82,713,441,18,9,123,99,190,117,24,42,7,52,3,25,7,45,238,615,316,10,276,590,51,6,1,31,2012,"Charles County, MD",NA,NA,NA,378,2,21,7,1,0,10,14
842,42,110,134,48,20,20,46,77,631,373,14,11,126,85,177,112,30,32,3,34,2,17,6,22,182,538,288,5,241,496,64,5,0,36,2013,"Charles County, MD",NA,NA,NA,343,8,14,4,2,0,5,11
894,43,109,107,56,25,15,58,77,652,369,19,19,129,95,214,135,31,35,13,28,4,12,6,18,177,512,363,9,253,525,67,8,2,39,2014,"Charles County, MD",NA,NA,NA,399,3,17,2,5,1,4,10
784,33,116,73,44,26,15,39,81,508,308,8,12,101,70,230,143,28,45,14,46,4,28,6,27,131,408,360,8,206,459,70,12,0,37,2015,"Charles County, MD",NA,NA,NA,354,1,8,2,3,0,6,8
810,27,118,78,44,21,16,43,71,522,299,13,11,110,72,249,127,30,79,13,39,2,17,4,20,128,397,381,16,190,431,61,40,3,85,2016,"Charles County, MD",NA,NA,NA,389,6,11,4,3,0,12,16
751,28,81,87,34,26,11,52,76,510,265,3,20,123,83,206,134,23,40,9,35,13,9,2,30,92,407,313,9,195,427,58,17,1,53,2017,"Charles County, MD",NA,NA,NA,337,3,13,3,19,0,8,22
734,26,84,77,36,22,9,46,72,452,268,13,11,77,67,260,154,14,87,5,22,2,13,3,14,123,361,323,17,143,421,54,8,2,106,2018,"Charles County, MD",NA,NA,NA,357,7,9,0,5,0,4,33
235,13,35,40,12,9,4,9,14,191,132,3,14,16,24,37,25,7,3,2,7,1,4,1,7,142,152,80,1,62,149,15,1,0,8,2006,"Dorchester County, MD",NA,NA,NA,198,1,1,0,0,0,1,2
251,16,36,41,18,9,7,14,18,190,140,0,2,29,17,57,40,8,9,NA,4,0,3,1,13,126,160,84,1,77,153,10,2,0,8,2007,"Dorchester County, MD",NA,NA,NA,184,0,2,0,0,0,0,6
289,18,47,51,19,10,1,19,20,212,148,11,2,24,21,67,48,9,4,6,10,2,5,NA,16,114,185,101,1,83,171,16,0,0,19,2008,"Dorchester County, MD",NA,NA,NA,208,0,6,0,0,0,3,2
299,25,53,46,17,10,5,18,13,221,154,1,5,33,26,68,51,8,6,3,10,2,4,3,13,122,203,87,1,98,183,13,1,0,4,2009,"Dorchester County, MD",NA,NA,NA,224,0,1,0,0,1,1,8
319,15,41,47,21,9,11,12,22,221,141,1,11,31,31,84,52,15,13,4,14,1,6,1,12,166,187,129,2,87,189,27,2,0,14,2010,"Dorchester County, MD",NA,NA,NA,138,2,3,3,3,1,3,1
339,9,35,44,17,10,8,23,31,217,131,4,7,43,22,101,58,18,20,5,21,1,13,3,7,177,182,146,3,96,201,29,3,0,10,2011,"Dorchester County, MD",NA,NA,NA,160,0,10,0,2,0,4,8
312,10,38,30,19,8,4,21,34,187,115,2,4,34,31,115,75,9,29,2,10,0,7,0,8,134,143,153,4,81,181,34,1,0,15,2012,"Dorchester County, MD",NA,NA,NA,148,0,1,0,0,0,3,12
271,13,37,29,15,12,6,26,13,188,119,1,4,34,26,74,50,13,11,0,9,1,4,1,9,106,149,106,2,92,154,16,2,0,7,2013,"Dorchester County, MD",NA,NA,NA,119,0,4,1,1,0,2,14
282,16,34,38,13,6,5,22,26,195,118,2,5,40,28,79,49,15,11,4,8,0,5,0,5,145,165,111,0,72,175,26,4,0,5,2014,"Dorchester County, MD",NA,NA,NA,121,1,1,1,1,0,2,6
277,8,39,42,13,8,5,13,25,177,118,1,3,35,17,86,52,8,21,5,14,2,6,4,9,123,142,126,1,61,166,30,6,0,14,2015,"Dorchester County, MD",NA,NA,NA,123,1,2,0,1,0,2,8
282,9,22,33,18,9,5,11,16,158,92,1,4,35,20,115,58,10,44,3,9,0,5,4,11,121,116,161,2,55,159,44,11,0,13,2016,"Dorchester County, MD",NA,NA,NA,158,3,1,0,1,2,0,3
306,11,30,20,16,6,5,14,24,177,81,6,5,54,27,117,47,17,48,5,12,0,9,0,4,97,143,156,2,52,191,42,8,1,12,2017,"Dorchester County, MD",NA,NA,NA,178,1,2,0,2,2,3,5
299,7,39,34,15,4,10,18,27,201,108,4,9,54,23,90,43,11,33,3,8,2,5,0,4,73,159,135,3,55,174,47,2,0,21,2018,"Dorchester County, MD",NA,NA,NA,142,0,3,0,3,0,1,2
1879,98,402,362,166,75,44,140,119,1654,1254,5,25,230,115,203,152,30,17,4,22,1,10,8,93,847,1526,326,16,665,1097,63,6,1,44,2006,"Frederick County, MD",NA,NA,NA,892,10,15,1,27,0,2,11
1892,95,408,354,165,86,48,149,120,1651,1234,7,22,226,128,207,146,29,26,6,34,3,23,4,109,803,1533,330,20,721,1050,59,5,0,55,2007,"Frederick County, MD",NA,NA,NA,928,13,21,3,3,0,1,9
1983,106,373,391,193,92,59,135,139,1707,1225,20,28,238,166,234,163,42,22,7,42,2,19,10,150,719,1585,371,14,643,1216,63,7,3,51,2008,"Frederick County, MD",NA,NA,NA,986,11,18,0,2,1,11,13
1993,96,348,354,203,89,50,142,145,1667,1143,17,19,269,183,261,166,40,42,13,65,6,33,14,161,728,1585,359,25,685,1176,58,11,3,60,2009,"Frederick County, MD",NA,NA,NA,1108,18,16,8,12,2,4,24
1872,116,315,349,141,87,31,144,152,1580,1031,28,19,265,200,244,144,57,29,14,48,2,23,14,130,761,1483,341,21,654,1094,62,6,2,54,2010,"Frederick County, MD",NA,NA,NA,517,14,20,4,20,3,5,27
1802,115,291,279,130,62,45,153,137,1518,916,27,28,307,209,222,124,36,47,15,62,4,38,5,109,598,1369,344,17,667,1000,70,4,2,59,2011,"Frederick County, MD",NA,NA,NA,576,11,19,4,14,1,11,72
1826,87,280,288,150,81,55,173,143,1516,968,35,15,281,175,245,148,37,47,13,65,5,31,11,99,568,1328,413,19,629,1047,78,3,0,69,2012,"Frederick County, MD",NA,NA,NA,556,23,18,6,13,1,12,66
1758,79,299,256,127,67,39,145,157,1456,891,30,18,297,192,241,149,36,48,8,61,8,26,8,90,413,1294,366,15,615,1000,77,9,0,57,2013,"Frederick County, MD",NA,NA,NA,585,10,17,8,4,1,11,83
1631,76,271,229,102,56,16,117,167,1267,774,24,19,273,151,315,205,55,40,15,49,2,26,8,91,224,1088,443,18,522,949,101,10,1,48,2014,"Frederick County, MD",NA,NA,NA,578,11,14,9,19,1,7,82
1648,63,213,179,103,61,38,137,180,1238,682,24,24,314,155,352,221,52,64,15,58,4,33,9,67,237,1066,460,25,477,993,97,5,1,75,2015,"Frederick County, MD",NA,NA,NA,647,14,24,6,27,1,6,97
1542,65,221,178,96,50,26,125,134,1127,652,32,32,230,159,357,244,53,49,11,58,4,24,7,100,266,950,484,21,405,936,101,10,2,88,2016,"Frederick County, MD",NA,NA,NA,612,12,10,12,35,0,11,77
1606,71,205,175,83,49,26,136,167,1163,611,46,23,290,162,384,274,56,48,6,59,4,26,17,73,295,1003,519,16,396,1020,99,16,1,74,2017,"Frederick County, MD",NA,NA,NA,684,10,20,7,10,1,5,68
1666,67,177,170,70,40,26,115,186,1087,568,21,25,286,174,531,293,54,172,12,48,3,30,6,62,201,903,617,27,359,1006,116,17,6,162,2018,"Frederick County, MD",NA,NA,NA,794,8,5,5,21,0,4,119
245,9,42,59,12,10,4,18,15,211,159,1,2,23,23,31,18,9,2,2,3,NA,1,2,7,243,187,56,0,75,164,4,0,0,2,2006,"Garrett County, MD",NA,NA,NA,144,0,1,0,4,0,0,2
256,16,43,42,24,5,7,17,16,213,150,2,4,35,11,36,24,4,8,NA,7,NA,4,1,9,272,176,73,6,90,144,10,1,0,11,2007,"Garrett County, MD",NA,NA,NA,172,7,4,0,0,0,2,1
270,16,47,52,14,17,5,16,21,224,157,6,6,33,16,42,25,11,5,1,4,NA,3,NA,17,238,195,69,3,91,155,11,4,1,8,2008,"Garrett County, MD",NA,NA,NA,164,2,4,1,0,0,0,3
281,12,33,47,17,7,6,27,34,207,129,1,4,41,25,62,39,8,12,3,12,NA,4,3,8,246,193,81,6,84,169,15,0,0,13,2009,"Garrett County, MD",NA,NA,NA,194,5,2,4,1,0,1,1
308,11,52,34,19,11,6,15,37,236,133,16,5,43,36,63,32,25,4,2,9,NA,6,2,14,163,202,81,2,110,174,16,1,1,6,2010,"Garrett County, MD",NA,NA,NA,121,2,1,0,2,0,1,23
259,11,46,44,14,11,5,19,16,216,130,1,6,39,34,35,20,11,2,2,8,1,4,2,11,167,186,62,2,86,155,7,2,0,9,2011,"Garrett County, MD",NA,NA,NA,93,3,2,0,0,1,1,9
240,9,46,30,11,6,6,20,27,182,114,5,6,24,24,49,30,11,8,0,9,3,5,1,7,114,154,73,7,78,143,11,3,0,5,2012,"Garrett County, MD",NA,NA,NA,85,4,5,0,0,0,0,6
217,10,41,33,16,7,3,18,12,175,114,1,2,34,21,31,21,6,3,1,11,4,6,1,11,115,151,51,6,68,123,11,1,0,14,2013,"Garrett County, MD",NA,NA,NA,75,0,2,0,2,1,0,9
202,8,42,28,19,6,3,10,15,159,110,1,6,21,16,40,28,5,6,1,3,0,1,1,8,90,121,69,3,62,120,11,0,0,9,2014,"Garrett County, MD",NA,NA,NA,69,0,5,0,2,0,1,6
219,7,41,44,20,3,2,11,11,175,122,3,6,28,15,34,22,3,8,1,10,1,4,2,8,108,144,71,3,58,140,11,1,0,9,2015,"Garrett County, MD",NA,NA,NA,78,1,0,2,2,0,1,1
256,13,25,37,22,8,9,17,24,194,113,3,6,36,29,50,40,3,7,0,12,0,2,4,8,116,170,78,1,74,157,20,0,0,5,2016,"Garrett County, MD",NA,NA,NA,94,6,1,4,7,0,2,7
212,6,35,37,14,5,2,12,19,165,102,4,2,28,24,42,31,7,2,2,5,1,0,0,7,78,122,79,2,60,132,14,0,0,6,2017,"Garrett County, MD",NA,NA,NA,80,2,3,3,2,0,1,9
197,5,16,27,16,3,3,14,23,141,71,4,7,19,34,49,41,5,3,NA,7,1,3,2,4,64,109,73,4,44,130,10,2,1,10,2018,"Garrett County, MD",NA,NA,NA,88,4,2,0,2,0,1,11
2240,123,396,375,149,96,50,159,197,1809,1329,18,37,260,121,376,262,52,53,9,53,10,26,6,113,1634,1618,568,28,694,1383,82,6,3,66,2006,"Harford County, MD",NA,NA,NA,1382,9,34,5,4,1,6,26
2490,124,425,423,175,89,56,172,193,1978,1419,22,34,310,151,446,326,45,65,10,63,12,31,9,149,1650,1791,650,26,805,1466,111,11,1,93,2007,"Harford County, MD",NA,NA,NA,1660,16,24,3,3,2,8,23
2491,121,459,374,166,86,69,176,219,1915,1307,24,28,303,208,501,370,63,56,12,75,8,39,16,174,1522,1782,669,29,840,1433,121,10,1,86,2008,"Harford County, MD",NA,NA,NA,1636,18,26,3,3,1,9,11
2507,101,457,417,169,91,39,163,201,1916,1276,24,25,325,215,513,341,76,79,17,78,5,39,13,118,1185,1730,735,19,793,1453,159,14,3,85,2009,"Harford County, MD",NA,NA,NA,1732,17,34,6,3,0,15,23
2449,126,368,409,163,80,53,148,178,1831,1179,38,31,310,222,530,315,95,96,24,88,13,40,9,134,1146,1664,742,30,756,1427,163,23,3,77,2010,"Harford County, MD",NA,NA,NA,894,18,32,8,30,1,18,13
2308,101,354,331,151,66,44,152,186,1733,1031,49,29,345,234,493,286,80,97,30,82,8,40,12,113,982,1557,674,28,784,1242,170,13,3,97,2011,"Harford County, MD",NA,NA,NA,906,14,31,4,17,0,18,49
2145,120,303,298,153,71,40,141,152,1589,961,27,23,339,201,468,297,60,85,26,88,6,44,11,89,776,1435,658,21,673,1196,164,17,3,92,2012,"Harford County, MD",NA,NA,NA,864,15,23,5,3,0,22,31
1984,100,284,297,120,57,49,135,188,1495,912,22,36,291,196,398,243,59,79,17,91,3,48,11,83,555,1326,592,15,588,1139,147,20,3,87,2013,"Harford County, MD",NA,NA,NA,754,22,15,6,0,1,23,51
1876,121,292,238,108,65,38,106,151,1404,831,24,20,346,147,391,259,50,61,21,81,4,30,16,59,433,1201,610,20,594,1057,144,10,0,71,2014,"Harford County, MD",NA,NA,NA,740,8,26,12,17,2,19,45
1810,73,233,243,100,56,43,121,145,1299,733,26,13,329,165,417,242,64,96,15,94,3,46,13,70,366,1139,605,21,515,1022,154,26,2,91,2015,"Harford County, MD",NA,NA,NA,779,21,11,6,17,1,26,45
1979,103,265,271,129,56,35,135,154,1450,846,34,21,325,185,454,269,61,113,11,75,5,39,12,79,335,1281,623,24,549,1143,150,50,5,82,2016,"Harford County, MD",NA,NA,NA,816,25,11,10,15,3,9,51
1945,83,267,263,102,60,38,152,147,1392,818,30,28,299,191,456,246,59,140,11,97,15,43,4,64,230,1224,642,28,454,1165,180,49,7,90,2017,"Harford County, MD",NA,NA,NA,816,14,11,14,17,1,21,51
1676,56,217,188,94,42,29,119,142,1141,637,24,36,238,174,462,248,54,149,11,73,9,36,6,66,195,925,640,33,364,956,163,50,11,132,2018,"Harford County, MD",NA,NA,NA,785,7,22,3,4,3,19,78
1832,101,341,327,135,76,43,167,141,1602,1171,23,30,214,133,189,151,19,16,3,41,5,20,6,126,849,1451,342,23,645,1070,58,6,1,49,2006,"Howard County, MD",NA,NA,NA,996,6,24,2,3,1,8,16
1871,108,327,320,135,69,42,155,169,1590,1111,19,29,258,138,247,173,39,28,7,34,2,18,8,146,841,1479,358,14,687,1055,68,6,0,54,2007,"Howard County, MD",NA,NA,NA,1088,17,18,1,2,0,5,20
1796,96,308,281,145,70,57,152,169,1537,961,14,16,296,205,215,146,40,26,3,44,4,21,8,139,813,1437,323,11,610,1072,62,4,1,47,2008,"Howard County, MD",NA,1,NA,1034,20,25,7,1,0,3,25
1862,101,297,267,140,64,50,174,163,1538,939,28,9,302,211,260,187,43,25,5,64,10,26,14,132,680,1441,361,23,652,1075,66,11,1,57,2009,"Howard County, MD",NA,NA,NA,1212,18,31,4,0,0,10,37
1628,81,238,237,125,63,32,131,181,1281,769,25,18,255,182,287,191,40,38,18,60,5,34,11,96,629,1173,411,19,560,924,87,5,2,50,2010,"Howard County, MD",NA,NA,NA,519,15,16,6,21,1,4,25
1660,88,214,220,133,55,42,138,172,1298,771,13,19,286,168,295,201,36,41,17,67,5,38,13,82,636,1184,412,18,591,905,81,6,4,73,2011,"Howard County, MD",NA,NA,NA,580,17,24,3,18,0,8,46
1713,88,238,223,126,71,41,151,179,1362,799,22,11,277,219,292,183,46,53,10,59,2,25,10,66,577,1217,407,6,589,985,74,8,1,56,2012,"Howard County, MD",NA,NA,NA,583,19,15,14,13,0,8,83
1673,68,248,200,99,55,38,181,186,1321,753,25,9,298,190,288,200,34,42,12,64,2,37,5,71,394,1159,410,12,612,899,92,6,0,64,2013,"Howard County, MD",NA,NA,NA,595,24,21,6,3,1,14,92
1530,65,201,181,82,53,45,144,183,1147,643,33,13,254,154,313,233,39,28,13,70,6,33,13,60,335,985,453,10,494,891,78,11,2,54,2014,"Howard County, MD",NA,NA,NA,562,24,23,9,14,3,9,82
1580,79,157,195,87,54,38,134,212,1201,636,44,19,290,177,303,191,49,48,15,76,5,36,17,68,302,1012,456,26,429,958,104,10,1,78,2015,"Howard County, MD",NA,NA,NA,610,14,21,6,14,0,12,86
1615,69,197,156,90,37,38,141,182,1189,622,36,30,267,199,369,255,44,65,5,57,3,33,4,70,312,995,517,19,438,969,115,9,2,82,2016,"Howard County, MD",NA,NA,NA,688,20,15,8,17,0,9,84
1582,63,177,171,95,50,37,166,169,1170,613,51,23,273,176,337,218,59,52,8,75,5,43,10,50,312,1001,481,19,424,959,115,17,2,65,2017,"Howard County, MD",NA,NA,NA,642,14,19,9,12,1,8,81
1509,61,168,134,86,44,39,128,171,1093,556,34,23,254,188,340,209,52,68,11,76,3,32,19,44,281,930,491,25,381,915,109,27,2,75,2018,"Howard County, MD",NA,NA,NA,660,25,12,8,18,1,14,63
173,12,27,39,13,8,0,7,16,141,110,NA,4,11,14,31,23,1,7,NA,1,NA,1,NA,8,77,120,50,1,61,95,11,0,1,4,2006,"Kent County, MD",NA,NA,NA,102,0,2,0,0,0,0,2
206,14,39,35,15,5,3,10,14,175,117,2,5,27,16,25,21,1,3,NA,6,2,NA,NA,9,92,154,47,1,72,113,10,0,0,11,2007,"Kent County, MD",NA,NA,NA,142,5,3,1,0,0,3,4
249,8,37,44,20,14,1,17,27,194,132,2,2,25,26,47,30,11,5,1,8,2,2,1,9,75,178,67,1,84,145,14,1,0,5,2008,"Kent County, MD",NA,NA,NA,162,2,3,1,0,2,2,3
211,11,34,31,14,6,5,14,13,168,103,0,9,30,24,38,33,3,2,NA,5,1,1,1,4,83,138,70,3,69,123,14,0,0,5,2009,"Kent County, MD",NA,1,NA,164,1,1,0,1,0,1,0
218,6,28,24,12,7,9,14,22,156,88,4,3,30,27,52,40,3,8,1,10,1,3,1,15,65,136,77,0,55,132,25,1,0,5,2010,"Kent County, MD",NA,NA,NA,92,1,3,4,4,0,1,5
239,10,36,30,21,12,2,12,21,182,107,8,6,29,30,50,29,6,12,3,7,1,4,1,10,82,157,77,0,84,115,27,3,0,10,2011,"Kent County, MD",NA,NA,NA,94,0,2,0,1,0,1,5
202,4,21,25,13,8,2,20,10,149,78,4,6,31,19,47,30,6,7,4,6,2,4,0,7,47,125,65,2,62,111,16,2,1,10,2012,"Kent County, MD",NA,NA,NA,99,5,6,0,0,0,0,10
208,6,23,27,18,4,6,13,13,152,89,0,3,36,18,47,26,10,4,7,9,0,6,0,3,37,124,75,2,63,120,14,3,1,7,2013,"Kent County, MD",NA,NA,NA,98,2,3,0,0,1,3,7
187,9,23,23,16,1,4,8,11,126,76,0,4,25,20,55,38,8,7,2,6,0,5,0,3,42,95,83,4,51,97,27,3,0,9,2014,"Kent County, MD",NA,NA,NA,92,0,1,0,0,0,1,5
216,6,23,34,3,0,6,20,23,149,74,10,4,33,24,53,30,7,13,3,14,0,9,0,6,41,111,97,2,54,122,25,3,0,12,2015,"Kent County, MD",NA,NA,NA,99,2,2,0,2,0,5,6
185,5,15,24,12,6,2,8,15,121,68,3,7,27,14,44,22,9,13,0,20,2,12,0,7,59,90,90,1,42,116,9,6,0,12,2016,"Kent County, MD",NA,NA,NA,97,1,1,2,1,0,4,4
181,7,17,17,4,7,3,9,12,115,56,2,9,21,25,60,32,4,22,2,6,1,3,1,4,29,88,88,0,25,117,24,7,1,7,2017,"Kent County, MD",NA,NA,NA,102,0,2,0,3,0,1,5
202,5,17,18,7,2,2,10,17,91,55,2,2,13,18,101,33,12,52,4,10,1,5,2,5,30,75,115,5,22,98,48,19,0,15,2018,"Kent County, MD",NA,NA,NA,121,0,1,1,3,0,1,7
567,28,85,83,43,20,12,44,45,480,316,2,1,79,49,68,50,6,10,2,19,NA,10,8,52,422,461,96,5,178,350,18,2,0,18,2006,"Montgomery County, MD",NA,NA,NA,414,30,3,1,0,0,0,5
518,27,68,64,40,21,16,39,42,437,293,4,11,56,54,71,53,6,11,1,10,1,1,4,78,377,398,99,10,170,309,12,2,0,25,2007,"Montgomery County, MD",NA,NA,NA,400,11,8,2,1,0,2,11
463,26,82,67,28,18,12,36,31,380,260,8,4,44,44,64,44,10,9,1,19,1,4,5,109,316,373,81,4,151,272,13,1,0,26,2008,"Montgomery County, MD",NA,NA,NA,324,12,7,7,1,1,2,5
525,38,95,94,37,17,11,39,34,452,302,11,2,69,61,47,28,13,5,1,26,1,9,8,62,390,452,58,6,167,332,10,1,0,15,2009,"Montgomery County, MD",NA,NA,NA,316,5,1,6,2,1,2,9
596,46,96,106,33,17,18,33,48,506,316,9,4,75,86,61,42,7,6,6,29,3,11,9,46,410,503,81,10,199,356,12,0,0,29,2010,"Montgomery County, MD",NA,NA,NA,195,8,7,2,4,1,4,2
589,41,109,123,47,14,17,38,35,520,342,15,5,72,68,52,30,13,8,1,17,1,8,7,46,357,506,69,8,226,325,8,2,0,28,2011,"Montgomery County, MD",NA,NA,NA,158,8,10,1,7,0,0,6
507,23,98,100,45,24,14,31,29,449,295,14,3,62,62,39,19,12,6,2,19,4,5,3,29,353,444,48,4,180,301,5,1,1,19,2012,"Montgomery County, MD",NA,NA,NA,142,4,8,3,1,1,4,11
424,30,71,63,36,26,18,21,29,368,235,5,6,63,44,43,25,10,7,1,13,3,5,3,36,242,362,50,4,144,250,9,0,1,20,2013,"Montgomery County, MD",NA,NA,NA,130,4,11,1,0,0,1,8
434,28,75,70,37,17,6,27,19,380,231,8,0,67,69,30,25,0,5,0,24,0,8,9,32,200,371,50,9,174,228,8,0,0,24,2014,"Montgomery County, MD",NA,NA,NA,151,3,2,5,4,0,2,4
507,27,97,62,38,22,7,38,33,458,274,22,5,75,69,34,21,6,5,2,15,1,5,4,30,158,434,53,5,145,315,6,0,0,41,2015,"Montgomery County, MD",NA,NA,NA,169,6,7,3,14,0,2,15
547,34,95,98,31,20,13,47,35,455,295,3,7,80,59,68,35,19,10,4,24,2,12,4,33,152,439,80,4,156,328,2,1,0,60,2016,"Montgomery County, MD",NA,NA,NA,167,11,0,5,7,0,1,24
496,27,84,77,31,17,11,42,29,432,247,13,2,103,55,41,25,8,8,NA,23,1,9,7,22,108,420,60,4,107,334,6,2,0,47,2017,"Montgomery County, MD",NA,NA,NA,172,7,4,2,8,1,4,12
482,39,85,60,29,22,10,35,35,396,238,13,2,70,68,62,44,10,5,3,24,0,17,5,18,108,379,89,1,94,311,2,0,1,74,2018,"Montgomery County, MD",NA,NA,NA,160,2,3,2,7,0,0,13
484,21,84,59,32,15,7,31,58,391,273,9,4,57,42,79,37,12,4,26,14,1,4,7,34,334,361,112,9,131,312,22,0,0,19,2006,"Prince Georges County, MD",NA,NA,NA,342,2,4,1,6,0,1,2
491,35,95,67,29,16,14,37,26,432,297,5,6,57,45,45,30,8,6,1,13,2,8,2,54,329,405,81,4,164,296,15,2,0,13,2007,"Prince Georges County, MD",NA,NA,NA,336,13,9,0,4,0,1,1
519,30,122,76,49,21,7,34,36,449,319,2,6,58,56,57,37,13,5,2,13,1,5,2,46,289,439,72,6,173,319,9,1,0,17,2008,"Prince Georges County, MD",NA,NA,NA,288,6,2,2,0,0,3,2
559,33,103,90,37,26,20,35,32,487,301,11,7,80,76,55,29,12,9,5,17,5,7,1,40,227,485,58,12,200,319,13,1,0,26,2009,"Prince Georges County, MD",NA,NA,NA,366,5,7,4,0,0,0,4
498,37,111,77,35,19,6,28,26,435,278,14,7,62,64,45,28,13,1,3,18,1,10,2,30,218,432,55,5,190,269,9,2,0,28,2010,"Prince Georges County, MD",NA,NA,NA,157,6,4,3,2,0,2,6
474,29,86,79,36,21,5,26,37,388,250,3,4,63,52,59,40,7,7,5,27,1,10,6,25,282,385,66,12,169,264,6,0,0,35,2011,"Prince Georges County, MD",NA,NA,NA,150,4,12,1,5,0,9,11
444,35,84,73,37,19,7,17,32,377,247,5,3,47,58,46,27,12,6,1,21,1,6,9,17,215,370,67,4,155,259,8,0,1,21,2012,"Prince Georges County, MD",NA,NA,NA,140,10,7,3,0,0,2,3
416,39,82,65,24,17,8,26,20,363,233,6,4,68,43,33,15,8,9,1,20,1,9,8,17,150,361,45,3,138,251,4,0,0,23,2013,"Prince Georges County, MD",NA,NA,NA,135,5,4,1,0,0,1,7
355,20,68,71,16,13,2,16,20,303,192,3,6,56,39,39,21,12,3,3,13,2,2,7,8,101,304,36,9,108,231,2,0,0,14,2014,"Prince Georges County, MD",NA,NA,NA,123,3,4,2,6,0,0,6
444,27,76,63,24,11,13,16,25,393,208,27,3,89,57,33,17,7,7,2,18,1,12,3,5,108,387,49,5,123,278,7,3,0,33,2015,"Prince Georges County, MD",NA,NA,NA,181,5,4,1,8,0,1,3
436,36,77,60,36,12,6,21,23,381,221,12,7,71,59,35,22,8,3,2,20,3,9,4,12,137,371,60,1,144,239,3,1,0,49,2016,"Prince Georges County, MD",NA,NA,NA,158,6,5,3,7,0,1,4
495,31,77,60,37,24,13,32,24,428,241,16,3,88,70,50,25,15,6,4,17,1,7,6,13,138,431,59,2,129,2306,6,2,1,51,2017,"Prince Georges County, MD",NA,NA,NA,184,2,7,1,13,1,2,3
438,28,80,54,25,13,5,31,30,371,207,10,7,78,61,54,36,9,8,1,13,0,6,3,19,143,356,78,3,103,271,9,2,0,53,2018,"Prince Georges County, MD",NA,NA,NA,159,5,3,3,13,0,1,1
361,25,70,73,32,18,15,25,19,344,260,1,10,39,23,15,9,1,4,1,2,NA,2,NA,18,188,331,22,3,104,247,6,0,0,2,2006,"Queen Anne’s County, MD",NA,NA,NA,168,5,6,0,0,0,0,4
374,21,53,72,31,21,7,48,28,348,243,7,6,45,40,21,11,3,6,1,5,2,1,2,24,199,335,21,6,132,228,4,0,0,9,2007,"Queen Anne’s County, MD",NA,NA,NA,186,5,2,0,0,0,0,12
390,16,76,67,41,13,9,35,39,359,232,6,4,66,40,16,5,4,5,2,15,5,6,3,26,264,347,22,5,140,231,6,0,0,13,2008,"Queen Anne’s County, MD",NA,NA,NA,188,5,6,0,0,0,1,16
371,22,81,79,32,16,8,28,15,335,240,3,3,44,35,25,8,8,4,5,11,NA,4,4,24,272,331,29,1,125,233,5,2,0,6,2009,"Queen Anne’s County, MD",NA,NA,NA,188,2,8,2,0,0,1,10
355,17,72,64,49,12,9,34,20,333,229,6,5,53,36,15,6,4,4,1,9,NA,6,0,28,229,323,25,0,131,213,4,0,0,7,2010,"Queen Anne’s County, MD",NA,NA,NA,74,0,4,0,4,0,1,7
357,28,56,75,30,15,11,23,20,316,210,3,3,57,37,38,18,9,8,3,3,NA,3,0,18,286,300,46,3,134,206,8,2,0,7,2011,Queen Anne’s,NA,NA,NA,93,3,3,0,6,0,0,8
321,17,52,43,34,8,7,28,21,277,164,4,3,56,48,30,16,8,5,1,14,2,7,2,20,171,241,67,4,118,180,13,1,0,9,2012,"Queen Anne’s County, MD",NA,NA,NA,111,0,2,1,0,0,2,9
314,21,47,45,22,17,9,27,25,277,165,6,5,51,44,27,12,5,8,2,10,0,7,1,13,126,238,62,4,111,178,16,1,1,7,2013,"Queen Anne’s County, MD",NA,NA,NA,101,2,4,1,0,0,1,10
261,19,40,37,19,9,6,24,23,232,137,4,6,56,23,19,9,8,0,2,10,1,5,1,22,103,206,45,2,88,146,15,0,0,12,2014,"Queen Anne’s County, MD",NA,NA,NA,82,2,4,3,2,0,0,8
307,18,58,37,27,13,10,24,20,266,161,6,9,58,27,26,11,10,4,1,15,1,8,3,15,65,243,41,2,100,186,12,1,0,8,2015,Queen Anne’s,NA,NA,NA,96,3,2,3,4,0,0,21
276,13,48,38,20,14,6,29,19,240,133,8,8,51,36,22,12,5,3,2,14,0,7,1,15,76,208,53,3,78,173,12,0,0,13,2016,Queen Anne’s,NA,NA,NA,86,1,3,4,3,0,2,12
257,11,52,34,21,9,7,21,13,222,137,6,2,40,34,23,7,7,9,NA,12,0,8,2,12,58,201,47,2,69,162,12,0,0,14,2017,Queen Anne’s,NA,NA,NA,88,1,2,2,1,0,0,7
278,17,48,38,25,4,5,21,16,246,137,8,7,57,32,29,7,6,15,1,3,0,3,0,15,51,208,60,2,71,177,16,1,1,12,2018,Queen Anne’s,NA,NA,NA,100,0,5,0,4,0,0,8
159,13,28,24,10,6,4,11,9,145,NA,1,2,34,12,10,8,NA,2,NA,4,NA,2,1,1,227,127,28,2,51,104,2,0,0,2,2006,"Somerset County, MD",NA,NA,NA,108,1,5,1,0,0,0,2
138,7,20,24,15,3,3,16,8,123,88,NA,2,16,8,14,11,2,NA,1,1,NA,1,NA,8,236,104,31,2,46,83,3,0,0,6,2007,"Somerset County, MD",NA,NA,NA,84,3,6,0,0,0,0,1
155,8,19,24,9,5,4,17,9,137,79,NA,2,32,21,13,10,NA,2,1,5,NA,5,NA,13,211,111,36,2,41,99,6,3,0,6,2008,"Somerset County, MD",NA,NA,NA,120,3,0,0,0,0,0,6
130,6,31,25,6,2,1,9,9,112,77,NA,NA,17,17,12,5,3,2,2,6,NA,5,1,11,183,100,27,1,41,78,4,2,0,5,2009,"Somerset County, MD",NA,NA,NA,82,0,1,0,0,0,0,2
146,8,20,29,8,5,1,11,8,117,72,2,1,25,14,22,12,5,5,0,7,NA,7,0,12,152,108,35,1,57,77,4,1,0,7,2010,"Somerset County, MD",NA,NA,NA,54,3,0,0,2,0,0,2
133,4,22,25,7,5,3,7,7,114,67,2,1,27,14,15,5,2,7,1,4,NA,4,0,8,112,94,32,1,47,75,4,2,0,5,2011,"Somerset County, MD",NA,NA,NA,57,0,2,0,0,1,0,6
147,6,18,28,8,7,2,16,3,133,73,1,2,33,22,8,1,1,6,0,6,NA,3,1,5,94,115,30,1,44,91,5,2,0,5,2012,"Somerset County, MD",NA,NA,NA,59,0,2,0,0,0,2,1
111,6,17,17,2,4,6,7,9,96,56,4,0,19,16,13,8,2,3,NA,2,NA,1,1,5,64,76,22,4,33,69,4,0,0,5,2013,"Somerset County, MD",NA,NA,NA,40,0,1,0,3,0,0,9
112,6,17,20,3,6,2,10,4,96,54,4,5,20,10,9,3,2,3,1,7,NA,6,1,4,63,78,28,NA,34,66,3,1,0,8,2014,"Somerset County, MD",NA,NA,NA,42,1,2,0,2,0,0,6
111,5,26,23,10,3,3,4,5,92,63,0,0,23,3,7,3,1,3,NA,12,3,6,2,7,48,78,27,3,45,54,7,0,0,5,2014,"Somerset County, MD",NA,NA,NA,32,2,1,0,0,0,1,3
117,5,21,20,7,6,4,6,2,100,65,2,2,16,13,10,3,2,4,1,7,0,6,1,5,58,85,30,0,27,77,4,1,0,8,2016,"Somerset County, MD",NA,NA,NA,43,1,1,0,3,0,0,2
136,9,25,17,9,3,1,5,7,107,60,0,2,25,17,19,3,8,7,1,10,0,6,1,5,55,99,34,1,36,84,6,1,0,9,2017,"Somerset County, MD",NA,NA,NA,60,1,2,0,0,0,3,2
96,2,10,20,9,3,3,7,5,75,49,0,1,15,9,13,5,4,4,NA,8,0,7,0,2,72,73,16,6,27,57,3,1,0,8,2018,"Somerset County, MD",NA,NA,NA,34,0,1,0,3,0,1,1
917,41,150,163,71,32,20,71,74,755,542,12,27,104,42,146,109,19,14,4,16,2,11,2,39,535,619,286,9,281,564,41,1,0,29,2006,"St. Mary’s County, MD",NA,NA,NA,584,4,24,0,3,0,1,3
1015,52,174,166,86,28,17,71,81,812,556,18,16,113,75,170,114,27,23,6,32,7,18,5,61,663,694,296,10,320,597,58,5,0,34,2007,"St. Mary’s County, MD",NA,NA,NA,680,11,23,0,0,0,2,15
1026,59,172,196,91,29,31,60,71,807,579,5,9,105,75,185,146,20,16,3,34,2,20,3,50,718,736,276,8,329,603,59,5,1,29,2008,"St. Mary’s County, MD",NA,NA,NA,634,5,29,0,0,0,9,6
1076,51,155,209,95,41,20,66,75,821,546,5,7,137,81,217,146,42,21,8,38,2,20,7,54,591,732,326,8,353,629,52,7,1,34,2009,"St. Mary’s County, MD",NA,NA,NA,720,10,35,3,4,0,6,10
946,47,152,163,82,31,14,61,46,731,480,10,9,118,81,187,131,20,22,14,28,1,18,6,30,505,639,285,15,295,542,72,5,1,31,2010,"St. Mary’s County, MD",NA,NA,NA,347,3,28,2,3,2,1,7
926,35,132,135,67,41,24,60,66,690,412,8,23,141,78,189,121,27,25,16,47,7,20,8,30,474,567,328,7,287,535,56,3,0,46,2011,St. Mary’s,NA,NA,NA,361,4,22,4,5,2,8,24
868,35,125,105,47,34,18,50,84,631,349,5,13,151,77,199,114,27,44,14,38,2,20,7,33,392,528,302,7,214,553,63,8,0,30,2012,"St. Mary’s County, MD",NA,NA,NA,370,7,29,2,0,0,7,31
846,41,122,121,54,27,17,55,85,617,370,6,15,125,74,199,121,30,36,12,30,0,19,3,27,360,507,298,5,265,482,57,8,1,33,2013,"St. Mary’s County, MD",NA,NA,NA,322,6,21,3,2,0,5,36
812,24,95,108,52,28,11,56,62,558,329,20,9,97,62,206,153,24,22,7,48,1,29,10,24,272,474,299,8,238,480,58,6,0,30,2014,"St. Mary’s County, MD",NA,NA,NA,364,11,28,1,12,2,7,31
795,30,85,106,53,23,11,53,82,546,310,11,11,127,69,211,135,22,44,10,38,4,19,5,18,187,418,340,2,207,468,72,14,3,31,2015,St. Mary’s,NA,NA,NA,349,3,15,4,3,0,6,35
778,24,97,95,38,21,21,55,73,516,289,13,11,120,68,226,147,21,52,6,36,2,24,4,27,160,418,321,5,177,454,71,32,2,42,2016,St. Mary’s,NA,NA,NA,351,3,12,1,3,0,5,34
799,26,87,95,37,24,8,49,69,482,272,14,17,87,75,284,149,27,98,10,33,5,18,5,25,118,361,398,6,153,456,96,51,3,40,2017,St. Mary’s,NA,NA,NA,403,2,15,1,1,0,4,34
818,28,101,94,51,18,24,68,88,545,317,8,12,102,85,243,133,27,75,8,30,1,18,6,21,118,400,339,9,136,519,77,31,6,49,2018,St. Mary’s,NA,NA,NA,340,5,16,2,6,0,3,70
365,5,47,56,24,15,9,25,32,277,189,1,10,46,24,77,57,1,17,2,10,2,4,1,25,191,222,137,2,103,217,28,7,2,7,2006,"Talbot County, MD",NA,NA,NA,302,1,5,0,1,1,3,4
395,13,60,65,20,11,9,23,31,296,203,2,13,41,31,88,58,11,18,1,11,NA,7,3,23,176,235,153,5,122,208,40,3,1,20,2007,"Talbot County, MD",NA,NA,NA,324,4,2,0,1,0,1,2
395,11,47,43,24,13,9,36,37,272,158,1,13,50,44,110,76,17,14,3,13,NA,5,4,24,181,230,152,4,121,220,27,3,0,24,2008,"Talbot County, MD",NA,NA,NA,350,3,3,1,0,0,3,9
405,13,42,46,33,18,7,32,38,272,166,5,9,49,38,112,80,14,16,2,21,1,3,4,20,144,207,191,6,107,237,34,6,2,19,2009,"Talbot County, MD",NA,NA,NA,352,1,3,10,0,1,3,1
432,17,45,57,26,12,5,33,45,280,171,5,4,56,42,131,86,12,22,11,21,2,11,1,25,140,224,197,0,136,235,37,0,0,24,2010,"Talbot County, MD",NA,NA,NA,190,1,1,3,2,0,4,11
439,16,49,52,23,18,7,21,42,288,162,9,4,63,37,136,86,14,34,8,15,1,6,2,21,99,217,205,6,119,246,45,3,1,25,2011,"Talbot County, MD",NA,NA,NA,209,7,6,0,2,0,6,11
397,17,37,39,23,9,7,29,33,252,129,5,7,56,43,117,61,17,36,3,28,0,12,4,7,111,202,186,2,90,242,41,5,0,19,2012,"Talbot County, MD",NA,NA,NA,203,5,7,3,0,0,9,7
309,10,22,33,24,10,9,19,30,204,116,11,6,42,24,94,59,17,12,6,11,0,7,2,21,98,152,135,3,96,166,30,3,0,14,2013,"Talbot County, MD",NA,NA,NA,150,2,3,0,2,0,2,19
342,12,44,27,15,7,6,16,44,205,115,1,6,47,32,120,81,9,25,5,17,2,9,2,8,79,157,175,3,91,182,43,7,0,19,2014,"Talbot County, MD",NA,NA,NA,166,2,2,0,5,0,4,7
360,15,24,31,9,8,6,24,32,213,95,15,9,56,34,116,70,15,26,5,31,2,18,7,10,67,157,198,2,76,199,54,9,1,21,2015,"Talbot County, MD",NA,NA,NA,206,1,3,1,5,0,3,3
333,10,32,34,13,9,6,19,26,216,100,12,14,43,41,103,56,19,24,4,14,0,5,2,14,63,168,157,3,80,179,43,9,1,21,2016,"Talbot County, MD",NA,NA,NA,179,5,1,5,5,0,2,5
391,12,37,38,13,6,5,22,39,223,117,3,9,45,39,149,79,26,37,7,19,0,12,2,11,81,169,208,8,67,237,55,10,1,21,2017,"Talbot County, MD",NA,NA,NA,217,8,2,0,2,0,5,6
369,10,38,37,10,7,8,22,37,206,117,5,5,42,34,152,77,18,53,7,11,0,6,0,11,47,159,196,8,70,201,60,17,1,20,2018,"Talbot County, MD",NA,NA,NA,195,0,3,1,5,0,4,6
1107,62,204,216,95,41,25,82,73,943,730,6,15,117,63,132,104,15,12,1,32,6,18,5,48,601,843,240,8,400,634,39,7,2,23,2006,"Washington County, MD",NA,NA,NA,586,2,9,1,16,1,2,16
1166,56,196,204,106,55,32,88,71,963,723,6,12,117,63,178,123,25,27,3,25,6,16,2,46,619,873,258,14,389,679,51,5,2,40,2007,"Washington County, MD",NA,NA,NA,716,6,18,0,0,0,1,21
1133,60,202,187,82,60,22,85,79,937,656,8,18,128,117,155,103,29,16,7,41,6,10,8,60,565,868,220,14,356,675,63,8,2,29,2008,"Washington County, MD",NA,NA,NA,700,1,9,16,6,0,1,30
1241,58,189,227,112,43,36,81,84,1026,694,18,10,170,111,181,121,34,21,5,34,4,19,1,60,590,938,261,11,440,699,61,6,0,35,2009,"Washington County, MD",NA,NA,NA,814,8,13,1,4,2,9,31
1162,76,185,195,97,47,28,77,62,947,633,13,16,139,119,174,123,25,19,7,41,2,20,10,52,484,851,258,20,395,668,49,6,1,43,2010,"Washington County, MD",NA,NA,NA,391,13,14,5,4,0,4,33
1142,62,194,185,86,50,18,86,81,920,601,11,22,163,105,189,121,21,35,12,33,3,17,4,62,421,814,282,18,380,634,73,5,0,50,2011,"Washington County, MD",NA,NA,NA,373,10,8,3,7,0,6,28
1202,62,166,174,88,64,34,96,68,964,601,15,18,203,103,186,125,30,21,10,52,5,30,8,26,434,825,318,14,380,705,62,10,1,44,2012,"Washington County, MD",NA,NA,NA,450,10,13,2,0,1,7,45
1223,56,176,177,78,42,32,76,101,936,603,7,7,176,117,239,173,34,24,8,48,4,17,6,32,360,769,385,14,374,687,100,12,2,48,2013,"Washington County, MD",NA,NA,NA,485,12,14,6,0,0,15,55
1047,63,152,158,64,32,32,61,95,794,508,18,15,152,79,211,133,35,32,11,42,2,23,6,28,287,677,314,15,307,624,76,3,0,37,2014,"Washington County, MD",NA,NA,NA,387,6,16,4,3,0,7,41
1079,55,163,133,67,33,18,65,83,772,488,9,16,149,82,261,168,34,47,12,46,2,20,9,33,227,640,378,12,287,632,90,14,3,53,2015,"Washington County, MD",NA,NA,NA,457,10,17,3,5,1,12,49
1035,55,154,139,47,42,22,52,98,737,472,12,15,138,80,256,192,28,26,10,42,2,27,5,32,204,621,371,13,255,649,65,10,1,55,2016,"Washington County, MD",NA,NA,NA,419,6,14,4,7,0,4,30
1073,54,140,158,66,40,20,64,83,803,474,11,11,173,115,226,151,45,19,11,44,1,24,6,35,223,677,341,14,263,685,66,9,5,45,2017,"Washington County, MD",NA,NA,NA,438,10,9,3,10,0,10,41
1055,44,140,132,64,27,14,76,93,759,427,17,16,175,103,257,177,34,35,11,39,5,20,4,40,223,621,378,10,203,696,84,18,0,54,2018,"Washington County, MD",1,NA,NA,455,10,15,2,10,1,8,46
822,36,136,125,50,33,19,54,71,634,457,9,13,91,54,166,133,15,13,5,22,1,16,1,35,531,510,297,11,274,454,49,11,2,30,2006,"Wicomico County, MD",NA,NA,NA,564,0,9,2,16,1,2,4
815,45,136,119,67,28,12,56,61,632,434,8,8,112,55,158,120,24,10,4,25,3,17,1,51,485,531,267,7,307,427,49,4,0,27,2007,"Wicomico County, MD",NA,NA,NA,582,3,12,3,0,0,1,10
821,45,118,128,64,36,26,55,58,639,412,5,12,110,72,154,103,28,16,7,28,1,18,6,52,512,574,239,6,273,456,51,3,1,37,2008,"Wicomico County, MD",NA,NA,NA,582,9,18,1,0,1,2,2
888,49,160,131,51,44,20,59,63,709,446,7,20,130,88,148,101,25,17,5,31,3,16,5,61,446,586,279,11,283,525,38,4,1,37,2009,"Wicomico County, MD",NA,NA,NA,576,7,11,4,23,0,3,12
827,53,154,141,53,18,19,52,50,625,427,11,8,114,75,151,106,25,11,9,24,5,9,2,51,462,540,256,16,273,473,40,8,0,33,2010,"Wicomico County, MD",NA,NA,NA,279,3,14,2,8,0,6,15
864,40,119,122,51,26,23,50,55,628,375,26,14,112,81,205,142,25,31,7,31,2,17,4,26,385,518,307,12,271,484,70,5,0,34,2011,"Wicomico County, MD",NA,NA,NA,372,6,14,2,6,0,6,27
788,42,101,99,52,23,20,54,64,564,343,16,19,104,70,189,127,28,27,7,35,3,20,6,20,270,468,285,7,244,442,57,3,3,39,2012,"Wicomico County, MD",NA,NA,NA,330,4,8,0,3,0,6,28
753,39,103,114,52,15,18,48,47,566,343,17,9,120,53,157,114,17,19,7,30,3,13,5,22,247,435,282,3,227,439,64,7,2,14,2013,"Wicomico County, MD",NA,NA,NA,316,12,12,5,1,0,4,33
725,29,112,95,51,25,17,36,69,525,320,14,20,85,58,171,128,16,17,10,29,0,11,8,20,197,390,300,10,213,400,72,6,1,33,2014,"Wicomico County, MD",NA,NA,NA,287,15,12,2,1,1,8,25
785,33,125,118,43,23,12,46,64,568,355,10,14,107,63,171,110,23,24,14,46,3,27,5,23,178,421,334,7,214,451,77,8,0,35,2015,"Wicomico County, MD",NA,NA,NA,316,7,12,4,5,0,7,23
759,30,111,87,50,17,11,35,69,516,301,16,21,118,57,207,128,34,39,6,36,0,24,3,33,230,396,342,7,203,412,92,11,1,40,2016,"Wicomico County, MD",NA,NA,NA,344,3,0,3,5,0,6,14
791,32,116,96,55,22,15,52,93,558,331,8,17,119,68,190,133,28,24,5,43,15,15,6,26,201,438,321,4,192,491,73,9,1,25,2017,"Wicomico County, MD",NA,NA,NA,303,4,11,4,7,0,3,28
713,36,103,71,32,27,22,41,69,501,278,11,14,110,75,186,118,33,32,3,26,2,15,4,12,168,375,306,13,145,452,64,13,2,37,2018,"Wicomico County, MD",NA,NA,NA,303,5,7,1,9,1,4,19
388,25,73,61,36,11,4,18,21,332,237,1,5,55,27,43,28,6,7,2,13,NA,12,NA,24,438,289,93,5,122,240,14,2,3,7,2006,"Worcester County, MD",NA,NA,NA,276,2,5,0,1,0,1,1
370,22,69,59,21,15,4,20,31,307,201,4,7,61,28,48,32,3,13,NA,15,1,6,NA,30,477,272,90,4,135,208,18,1,0,8,2007,"Worcester County, MD",NA,NA,1,258,3,3,6,0,0,1,4
389,19,67,55,29,12,4,31,25,324,187,1,13,59,53,44,28,9,5,2,21,1,12,5,28,456,295,87,5,125,227,14,2,2,19,2008,"Worcester County, MD",NA,1,NA,294,7,4,1,0,0,1,2
398,23,70,82,29,6,10,31,21,351,228,1,7,59,46,44,31,7,5,1,3,NA,1,1,15,402,320,73,3,122,250,14,2,0,10,2009,"Worcester County, MD",NA,NA,NA,248,5,5,1,2,0,0,2
395,20,55,59,27,18,10,26,35,326,188,2,8,61,59,56,26,15,12,3,13,NA,8,2,17,397,289,100,3,123,238,20,0,1,13,2010,"Worcester County, MD",NA,NA,NA,145,2,6,1,0,0,2,3
437,17,63,53,22,11,4,20,22,372,169,81,4,63,39,52,27,10,11,4,13,1,9,0,27,306,239,113,3,111,289,15,1,1,20,2011,"Worcester County, MD",NA,NA,NA,148,6,10,0,77,0,3,82
346,18,52,51,19,13,9,19,26,286,158,10,13,54,39,47,22,8,14,3,13,0,7,4,12,278,240,93,3,97,212,20,3,0,14,2012,"Worcester County, MD",NA,NA,NA,137,5,7,2,2,0,0,10
352,11,37,44,31,12,7,23,25,275,141,0,6,69,45,55,36,7,10,2,22,4,16,1,11,263,232,106,2,110,204,22,7,0,9,2013,"Worcester County, MD",NA,NA,NA,161,10,4,0,1,0,1,12
328,13,42,47,27,15,4,13,24,264,144,3,11,52,47,46,23,10,11,2,18,0,4,8,16,186,211,105,6,92,196,21,3,1,15,2014,"Worcester County, MD",NA,NA,NA,138,3,4,1,5,0,5,6
304,9,55,28,12,10,6,18,18,243,124,5,21,46,38,42,21,11,10,NA,19,0,11,6,22,163,190,101,5,59,203,23,2,0,17,2015,"Worcester County, MD",NA,NA,NA,142,4,5,0,6,0,2,8
295,6,60,41,25,7,5,14,16,241,129,7,9,53,38,46,20,11,11,4,8,0,6,2,12,109,205,84,3,74,175,19,5,1,21,2016,"Worcester County, MD",NA,NA,NA,116,2,3,0,5,0,0,3
273,9,33,37,19,9,5,19,18,223,114,3,7,56,39,41,21,9,11,NA,9,0,1,5,11,119,187,74,6,59,174,22,2,0,16,2017,"Worcester County, MD",NA,NA,NA,120,2,2,1,4,0,2,6
293,10,33,42,24,9,3,23,16,233,128,4,12,52,34,51,20,12,18,1,9,0,7,2,11,121,179,97,4,69,180,20,6,0,18,2018,"Worcester County, MD",NA,NA,NA,130,1,1,0,3,1,0,13
